{
  "overall": {
    "baseline_accuracy": 0.8915870757976021,
    "debiased_accuracy": 0.8705547652916074,
    "improvement": -0.021032310505994745,
    "examples_fixed": 278,
    "new_errors": 485,
    "net_improvement": -207
  },
  "overlap_analysis": {
    "Very Low (0-20%)": {
      "baseline": 0.882275997383911,
      "debiased": 0.8476128188358404,
      "change": -0.03466317854807066,
      "count": 1529
    },
    "Low (20-40%)": {
      "baseline": 0.8777997364953887,
      "debiased": 0.8593544137022397,
      "change": -0.01844532279314892,
      "count": 3036
    },
    "Medium (40-60%)": {
      "baseline": 0.8903598099117448,
      "debiased": 0.8672776646300068,
      "change": -0.02308214528173802,
      "count": 2946
    },
    "High (60-80%)": {
      "baseline": 0.9030037546933667,
      "debiased": 0.890488110137672,
      "change": -0.01251564455569465,
      "count": 1598
    },
    "Very High (80-100%)": {
      "baseline": 0.9481582537517054,
      "debiased": 0.9345156889495225,
      "change": -0.013642564802182844,
      "count": 733
    }
  }
}