{
  "eval_loss": 0.2971239984035492,
  "eval_accuracy": 0.8957529067993164,
  "eval_runtime": 22.4689,
  "eval_samples_per_second": 438.027,
  "eval_steps_per_second": 54.787,
  "epoch": 3.0
}