{"_wandb":{"runtime":2047},"_runtime":2047,"_step":58,"eval/loss":1.4583179950714111,"train/learning_rate":1.7616912235746316e-07,"total_flos":1.3225226301897984e+16,"eval/accuracy":0.833899974822998,"train/global_step":28098,"train_loss":0.3618924083026824,"train/grad_norm":7.502593517303467,"eval/steps_per_second":55.147,"eval/samples_per_second":441.18,"_timestamp":1.7632805547756157e+09,"train/epoch":3,"train_runtime":2050.3319,"train_steps_per_second":13.704,"train/loss":0.292,"train_samples_per_second":876.98,"eval/runtime":67.9995}