{
  "overall": {
    "baseline_accuracy": 0.8915870757976021,
    "debiased_accuracy": 0.8957528957528957,
    "improvement": 0.004165819955293637,
    "examples_fixed": 292,
    "new_errors": 251,
    "net_improvement": 41
  },
  "overlap_analysis": {
    "Very Low (0-20%)": {
      "baseline": 0.882275997383911,
      "debiased": 0.8862001308044474,
      "change": 0.003924133420536324,
      "count": 1529
    },
    "Low (20-40%)": {
      "baseline": 0.8777997364953887,
      "debiased": 0.8840579710144928,
      "change": 0.006258234519104122,
      "count": 3036
    },
    "Medium (40-60%)": {
      "baseline": 0.8903598099117448,
      "debiased": 0.8903598099117448,
      "change": 0.0,
      "count": 2946
    },
    "High (60-80%)": {
      "baseline": 0.9030037546933667,
      "debiased": 0.9117647058823529,
      "change": 0.008760951188986232,
      "count": 1598
    },
    "Very High (80-100%)": {
      "baseline": 0.9481582537517054,
      "debiased": 0.9508867667121419,
      "change": 0.0027285129604365244,
      "count": 733
    }
  }
}