{"_runtime":275,"eval/runtime":22.9319,"eval/samples_per_second":429.184,"train/grad_norm":3.9373409748077393,"train/learning_rate":7.058991981672394e-06,"total_flos":1.643778283732992e+15,"_wandb":{"runtime":275},"_step":7,"train/epoch":3,"_timestamp":1.763290995796271e+09,"train_steps_per_second":13.793,"eval/loss":1.828057885169983,"eval/accuracy":0.1754724681377411,"train_runtime":253.1743,"train_samples_per_second":882.744,"train/loss":0.8657,"eval/steps_per_second":53.681,"train/global_step":3492,"train_loss":0.9353735837466665}