{
  "eval_loss": 0.3668050467967987,
  "eval_accuracy": 0.8705547451972961,
  "eval_runtime": 22.0576,
  "eval_samples_per_second": 446.196,
  "eval_steps_per_second": 55.808,
  "epoch": 3.0
}