{
  "overall": {
    "baseline_accuracy": 0.8915870757976021,
    "debiased_accuracy": 0.8956512903881325,
    "improvement": 0.004064214590530413,
    "examples_fixed": 295,
    "new_errors": 255,
    "net_improvement": 40
  },
  "overlap_analysis": {
    "Very Low (0-20%)": {
      "baseline": 0.882275997383911,
      "debiased": 0.8835840418574231,
      "change": 0.001308044473512071,
      "count": 1529
    },
    "Low (20-40%)": {
      "baseline": 0.8777997364953887,
      "debiased": 0.886034255599473,
      "change": 0.008234519104084348,
      "count": 3036
    },
    "Medium (40-60%)": {
      "baseline": 0.8903598099117448,
      "debiased": 0.8886625933469111,
      "change": -0.0016972165648336812,
      "count": 2946
    },
    "High (60-80%)": {
      "baseline": 0.9030037546933667,
      "debiased": 0.9155193992490613,
      "change": 0.01251564455569465,
      "count": 1598
    },
    "Very High (80-100%)": {
      "baseline": 0.9481582537517054,
      "debiased": 0.9454297407912687,
      "change": -0.0027285129604366354,
      "count": 733
    }
  }
}