{"train_runtime":3033.7157,"_runtime":3087,"train/grad_norm":4.742415904998779,"train/learning_rate":4.91223982603293e-07,"train/global_step":25752,"total_flos":1.2121960164297984e+16,"_step":51,"train_samples_per_second":543.262,"train_steps_per_second":8.489,"_wandb":{"runtime":3087},"train/epoch":3,"train_loss":0.3639034817551337,"_timestamp":1.7632848778092442e+09,"train/loss":0.2948}