{"train/learning_rate":4.91223982603293e-07,"train_steps_per_second":14.013,"train_runtime":1837.7702,"train/loss":0.2992,"train/epoch":3,"eval/accuracy":0.8982930183410645,"train/grad_norm":4.149048328399658,"eval/loss":0.2957698404788971,"train_samples_per_second":896.794,"_runtime":5006,"_wandb":{"runtime":5006},"total_flos":1.2121960164297984e+16,"_timestamp":1.7632901130451643e+09,"eval/samples_per_second":433.349,"train/global_step":25752,"eval/runtime":22.7115,"train_loss":0.3654054159998116,"_step":104,"eval/steps_per_second":54.202}