{
  "eval_loss": 0.2989627420902252,
  "eval_accuracy": 0.8956512808799744,
  "eval_runtime": 22.3526,
  "eval_samples_per_second": 440.306,
  "eval_steps_per_second": 55.072,
  "epoch": 3.0
}