{
  "overall": {
    "baseline_accuracy": 0.8915870757976021,
    "debiased_accuracy": 0.8982930298719772,
    "improvement": 0.006705954074375131,
    "examples_fixed": 288,
    "new_errors": 222,
    "net_improvement": 66
  },
  "overlap_analysis": {
    "Very Low (0-20%)": {
      "baseline": 0.882275997383911,
      "debiased": 0.8862001308044474,
      "change": 0.003924133420536324,
      "count": 1529
    },
    "Low (20-40%)": {
      "baseline": 0.8777997364953887,
      "debiased": 0.892292490118577,
      "change": 0.01449275362318836,
      "count": 3036
    },
    "Medium (40-60%)": {
      "baseline": 0.8903598099117448,
      "debiased": 0.893754243041412,
      "change": 0.0033944331296672514,
      "count": 2946
    },
    "High (60-80%)": {
      "baseline": 0.9030037546933667,
      "debiased": 0.9080100125156445,
      "change": 0.005006257822277815,
      "count": 1598
    },
    "Very High (80-100%)": {
      "baseline": 0.9481582537517054,
      "debiased": 0.9454297407912687,
      "change": -0.0027285129604366354,
      "count": 733
    }
  }
}