{"_step":4,"_timestamp":1.7632904835595524e+09,"train_steps_per_second":10.674,"train/loss":0.8923,"_runtime":186,"train/global_step":1746,"train_loss":0.9416913953433741,"train_runtime":163.5681,"eval/samples_per_second":432.267,"train/grad_norm":3.6862266063690186,"eval/accuracy":0.16998577117919922,"train/epoch":3,"_wandb":{"runtime":186},"train/learning_rate":7.0733104238258875e-06,"eval/runtime":22.7683,"eval/steps_per_second":54.066,"total_flos":1.643778283732992e+15,"eval/loss":1.7828364372253418,"train_samples_per_second":1366.33}