{"eval/accuracy":0.8768543004989624,"total_flos":0,"train_runtime":3309.8146,"train/grad_norm":1.4372221231460571,"eval/runtime":39.5871,"eval/loss":0.4728020131587982,"train_samples_per_second":497.944,"train_loss":0.5242275938405573,"_wandb":{"runtime":3352},"eval/samples_per_second":248.616,"train/loss":0.488,"_timestamp":1.7631963506324105e+09,"train/epoch":3,"train/global_step":3219,"_step":7,"train_steps_per_second":0.973,"eval/steps_per_second":31.096,"train/learning_rate":3.4172103137620375e-06,"_runtime":3352}