{"eval/runtime":39.8675,"train_loss":0.42261013565466393,"train/loss":0.3645,"eval/steps_per_second":30.877,"_wandb":{"runtime":3363},"train/grad_norm":1.6234204769134521,"train/epoch":3,"_step":7,"eval/accuracy":0.885897159576416,"train/global_step":3219,"train_samples_per_second":487.588,"_runtime":3363,"_timestamp":1.7631903210976975e+09,"eval/samples_per_second":246.868,"train_runtime":3380.1102,"train_steps_per_second":0.952,"total_flos":0,"eval/loss":0.3274703919887543,"train/learning_rate":3.4172103137620375e-06}