{"total_flos":1.2121960164297984e+16,"eval/loss":0.30151358246803284,"train/grad_norm":3.6494336128234863,"_wandb":{"runtime":5293},"train/learning_rate":1.463963963963964e-06,"train/loss":0.3207,"eval/samples_per_second":528.641,"eval/accuracy":0.8946352601051331,"_step":26,"eval/steps_per_second":66.12,"train/epoch":3,"train_runtime":5272.293,"_runtime":5293,"train_steps_per_second":2.442,"_timestamp":1.7632051768774292e+09,"eval/runtime":18.6175,"train_loss":0.49151512849919726,"train/global_step":12876,"train_samples_per_second":312.597}